Marketing Manager,1
Assistant Professor,1
Office Assistant IV,1
VP of Training and Development,1
Associate Professor,1
Executive Secretary,1
Statistician IV,2
Account Coordinator,2
Engineer IV,3
Web Designer II,4
Statistician III,4
Engineer III,5
Sales Associate,5
Business Development Manager,5
Sales Representative,5
VP Sales,6
Engineer II,6
Office Assistant I,6
Research Assistant IV,7
Web Designer IV,8
Administrative Assistant IV,8
Marketing Assistant,8
Engineer I,9
Director of Sales,9
Human Resources Assistant II,10
Human Resources Assistant IV,11
Graphic Designer,12
Automation Specialist III,12
Statistician II,12
Statistician I,12
Web Designer III,13
Senior Sales Associate,14
Human Resources Assistant III,15
Human Resources Assistant I,15
Administrative Assistant III,16
Research Assistant III,17
Legal Assistant,19
Support Staff III,20
Automation Specialist IV,21
Recruiting Manager,22
Payment Adjustment Coordinator,22
Librarian,26
Financial Advisor,27
Electrical Engineer,27
Automation Specialist I,27
Mechanical Systems Engineer,28
Actuary,28
Automation Specialist II,30
Community Outreach Specialist,30
General Manager,30
Compensation Analyst,31
Staff Scientist,33
Web Designer I,33
Information Systems Manager,35
Research Assistant,38
Attorney,39
Administrative Assistant,39
Executive Assistant,39
Senior Attorney,40
VP Product Management,40
Administrative Assistant II,41
VP Quality Control,42
VP Marketing,42
Assistant Manager,45
Structural Analysis Engineer,46
Analog Circuit Design manager,48
Media Manager II,49
Internal Auditor,50
Content Developer III,51
Design Engineer,53
Content Developer II,53
Content Developer,54
Product Engineer,56
Administrative Officer,56
Support Staff II,57
Senior Financial Analyst,57
Programmer IV,61
Human Resources Manager,61
Quality Engineer,62
Paralegal,63
Web Developer IV,66
Developer II,66
Financial Analyst,67
Web Developer III,68
Computer Systems Analyst IV,70
Accounting Assistant III,71
Software Test Engineer II,71
Systems Administrator II,73
Computer Systems Analyst III,73
Developer IV,74
Web Developer II,75
Programmer Analyst IV,75
Staff Accountant II,76
Programmer II,77
VP Accounting,77
Programmer Analyst III,78
Accountant I,78
Programmer III,79
Developer III,80
Systems Administrator III,80
Developer I,80
Database Administrator III,81
Accounting Assistant II,81
Database Administrator IV,82
Software Test Engineer III,83
Database Administrator I,83
Software Test Engineer I,84
Accountant III,84
Software Engineer II,84
Programmer I,85
Systems Administrator IV,85
Accounting Assistant I,86
Accountant IV,86
Software Test Engineer IV,88
Accountant II,88
Computer Systems Analyst II,89
Editor,89
Computer Systems Analyst I,89
Chief Design Engineer,89
Database Administrator II,90
Programmer Analyst II,90
Software Engineer IV,91
Help Desk Operator,91
Programmer Analyst I,93
Staff Accountant III,94
Accounting Assistant IV,94
Software Engineer III,96
Web Developer I,98
Support Staff,101
Staff Accountant IV,102
Media Manager I,125
Quality Control Specialist,130
Senior Editor,140
Senior Quality Engineer,148
Budget/Accounting Analyst I,156
Budget/Accounting Analyst III,158
Budget/Accounting Analyst II,163
Budget/Accounting Analyst IV,173
Senior Trainer,175
Junior Trainer,175
Trainer II,176
Training Manager,176
Trainer III,177
Trainer I,178
Assistant Trainer,178
Administrative Assistant I,189
HR Manager,199
Senior Recruiter,201
Research Associate,204
Customer Success Manager,205
Solutions Engineer,208
Pre-Sales Consultant,209
Solutions Engineer Manager,209
Relationshiop Manager,211
Account Manager,211
Operator,218
Recruiter,227
Tax Accountant,294
Structural Engineer,300
Cost Accountant,304
Desktop Support Technician,308
Senior Cost Accountant,308
Service Manager,316
Service Coordinator,320
Service Tech II,321
Service Tech,323
Help Desk Technician,327
Software Consultant,330
Service Tech III,330
Business Systems Development Analyst,330
Project Manager,332
Data Coordiator,350
Senior Developer,354
Analyst Programmer,366
Systems Administrator I,368
Software Engineer I,386
Human Resources Analyst,399
Staff Accountant I,432
Data Visualization Specialist,443
Account Executive,489
Research Assistant I,525
Human Resources Analyst II,599
Business Analyst,688
Research Assistant II,740
